<?xml version="1.0" encoding="UTF-8"?>
<!DOCTYPE mapper PUBLIC "-//mybatis.org//DTD Mapper 3.0//EN" "http://mybatis.org/dtd/mybatis-3-mapper.dtd">
<mapper namespace="com.cmos.qrcode.dao.user.QcBalckListMapper">
  <resultMap id="BaseResultMap" type="com.cmos.qrcode.beans.user.QcBalckList">
    <id column="phone_no" jdbcType="VARCHAR" property="phoneNo" />
    <result column="nick_name" jdbcType="VARCHAR" property="nickName" />
    <result column="enter_time" jdbcType="TIMESTAMP" property="enterTime" />
    <result column="update_time" jdbcType="TIMESTAMP" property="updateTime" />
    <result column="creat_time" jdbcType="TIMESTAMP" property="creatTime" />
    <result column="state" jdbcType="CHAR" property="state" />
    <result column="remark" jdbcType="VARCHAR" property="remark" />
    <result column="reason" jdbcType="VARCHAR" property="reason" />
    <result column="agent_id" jdbcType="VARCHAR" property="agentId" />
  </resultMap>
  <sql id="Example_Where_Clause">
    <where>
      <foreach collection="oredCriteria" item="criteria" separator="or">
        <if test="criteria.valid">
          <trim prefix="(" prefixOverrides="and" suffix=")">
            <foreach collection="criteria.criteria" item="criterion">
              <choose>
                <when test="criterion.noValue">
                  and ${criterion.condition}
                </when>
                <when test="criterion.singleValue">
                  and ${criterion.condition} #{criterion.value}
                </when>
                <when test="criterion.betweenValue">
                  and ${criterion.condition} #{criterion.value} and #{criterion.secondValue}
                </when>
                <when test="criterion.listValue">
                  and ${criterion.condition}
                  <foreach close=")" collection="criterion.value" item="listItem" open="(" separator=",">
                    #{listItem}
                  </foreach>
                </when>
              </choose>
            </foreach>
          </trim>
        </if>
      </foreach>
    </where>
  </sql>
  <sql id="Update_By_Example_Where_Clause">
    <where>
      <foreach collection="example.oredCriteria" item="criteria" separator="or">
        <if test="criteria.valid">
          <trim prefix="(" prefixOverrides="and" suffix=")">
            <foreach collection="criteria.criteria" item="criterion">
              <choose>
                <when test="criterion.noValue">
                  and ${criterion.condition}
                </when>
                <when test="criterion.singleValue">
                  and ${criterion.condition} #{criterion.value}
                </when>
                <when test="criterion.betweenValue">
                  and ${criterion.condition} #{criterion.value} and #{criterion.secondValue}
                </when>
                <when test="criterion.listValue">
                  and ${criterion.condition}
                  <foreach close=")" collection="criterion.value" item="listItem" open="(" separator=",">
                    #{listItem}
                  </foreach>
                </when>
              </choose>
            </foreach>
          </trim>
        </if>
      </foreach>
    </where>
  </sql>
  <sql id="Base_Column_List">
    phone_no, nick_name, enter_time, update_time, creat_time, state, remark, reason, 
    agent_id
  </sql>
  <select id="selectByExample" parameterType="com.cmos.qrcode.beans.user.QcBalckListExample" resultMap="BaseResultMap">
    select
    <if test="distinct">
      distinct
    </if>
    'true' as QUERYID,
    <include refid="Base_Column_List" />
    from qc_blacklist
    <if test="_parameter != null">
      <include refid="Example_Where_Clause" />
    </if>
    <if test="orderByClause != null">
      order by ${orderByClause}
    </if>
  </select>
  <select id="selectByPrimaryKey" parameterType="java.lang.String" resultMap="BaseResultMap">
    select 
    <include refid="Base_Column_List" />
    from qc_blacklist
    where phone_no = #{phoneNo,jdbcType=VARCHAR}
  </select>
  <delete id="deleteByPrimaryKey" parameterType="java.lang.String">
    delete from qc_blacklist
    where phone_no = #{phoneNo,jdbcType=VARCHAR}
  </delete>
  <delete id="deleteByExample" parameterType="com.cmos.qrcode.beans.user.QcBalckListExample">
    delete from qc_blacklist
    <if test="_parameter != null">
      <include refid="Example_Where_Clause" />
    </if>
  </delete>
  <insert id="insert" parameterType="com.cmos.qrcode.beans.user.QcBalckList">
    insert into qc_blacklist (phone_no, nick_name, enter_time, 
      update_time, creat_time, state, 
      remark, reason, agent_id
      )
    values (#{phoneNo,jdbcType=VARCHAR}, #{nickName,jdbcType=VARCHAR}, #{enterTime,jdbcType=TIMESTAMP}, 
      #{updateTime,jdbcType=TIMESTAMP}, #{creatTime,jdbcType=TIMESTAMP}, #{state,jdbcType=CHAR}, 
      #{remark,jdbcType=VARCHAR}, #{reason,jdbcType=VARCHAR}, #{agentId,jdbcType=VARCHAR}
      )
  </insert>
  <insert id="insertSelective" parameterType="com.cmos.qrcode.beans.user.QcBalckList">
    insert into qc_blacklist
    <trim prefix="(" suffix=")" suffixOverrides=",">
      <if test="phoneNo != null">
        phone_no,
      </if>
      <if test="nickName != null">
        nick_name,
      </if>
      <if test="enterTime != null">
        enter_time,
      </if>
      <if test="updateTime != null">
        update_time,
      </if>
      <if test="creatTime != null">
        creat_time,
      </if>
      <if test="state != null">
        state,
      </if>
      <if test="remark != null">
        remark,
      </if>
      <if test="reason != null">
        reason,
      </if>
      <if test="agentId != null">
        agent_id,
      </if>
    </trim>
    <trim prefix="values (" suffix=")" suffixOverrides=",">
      <if test="phoneNo != null">
        #{phoneNo,jdbcType=VARCHAR},
      </if>
      <if test="nickName != null">
        #{nickName,jdbcType=VARCHAR},
      </if>
      <if test="enterTime != null">
        #{enterTime,jdbcType=TIMESTAMP},
      </if>
      <if test="updateTime != null">
        #{updateTime,jdbcType=TIMESTAMP},
      </if>
      <if test="creatTime != null">
        #{creatTime,jdbcType=TIMESTAMP},
      </if>
      <if test="state != null">
        #{state,jdbcType=CHAR},
      </if>
      <if test="remark != null">
        #{remark,jdbcType=VARCHAR},
      </if>
      <if test="reason != null">
        #{reason,jdbcType=VARCHAR},
      </if>
      <if test="agentId != null">
        #{agentId,jdbcType=VARCHAR},
      </if>
    </trim>
  </insert>
  <select id="countByExample" parameterType="com.cmos.qrcode.beans.user.QcBalckListExample" resultType="java.lang.Long">
    select count(*) from qc_blacklist
    <if test="_parameter != null">
      <include refid="Example_Where_Clause" />
    </if>
  </select>
  <update id="updateByExampleSelective" parameterType="map">
    update qc_blacklist
    <set>
      <if test="record.phoneNo != null">
        phone_no = #{record.phoneNo,jdbcType=VARCHAR},
      </if>
      <if test="record.nickName != null">
        nick_name = #{record.nickName,jdbcType=VARCHAR},
      </if>
      <if test="record.enterTime != null">
        enter_time = #{record.enterTime,jdbcType=TIMESTAMP},
      </if>
      <if test="record.updateTime != null">
        update_time = #{record.updateTime,jdbcType=TIMESTAMP},
      </if>
      <if test="record.creatTime != null">
        creat_time = #{record.creatTime,jdbcType=TIMESTAMP},
      </if>
      <if test="record.state != null">
        state = #{record.state,jdbcType=CHAR},
      </if>
      <if test="record.remark != null">
        remark = #{record.remark,jdbcType=VARCHAR},
      </if>
      <if test="record.reason != null">
        reason = #{record.reason,jdbcType=VARCHAR},
      </if>
      <if test="record.agentId != null">
        agent_id = #{record.agentId,jdbcType=VARCHAR},
      </if>
    </set>
    <if test="_parameter != null">
      <include refid="Update_By_Example_Where_Clause" />
    </if>
  </update>
  <update id="updateByExample" parameterType="map">
    update qc_blacklist
    set phone_no = #{record.phoneNo,jdbcType=VARCHAR},
      nick_name = #{record.nickName,jdbcType=VARCHAR},
      enter_time = #{record.enterTime,jdbcType=TIMESTAMP},
      update_time = #{record.updateTime,jdbcType=TIMESTAMP},
      creat_time = #{record.creatTime,jdbcType=TIMESTAMP},
      state = #{record.state,jdbcType=CHAR},
      remark = #{record.remark,jdbcType=VARCHAR},
      reason = #{record.reason,jdbcType=VARCHAR},
      agent_id = #{record.agentId,jdbcType=VARCHAR}
    <if test="_parameter != null">
      <include refid="Update_By_Example_Where_Clause" />
    </if>
  </update>
  <update id="updateByPrimaryKeySelective" parameterType="com.cmos.qrcode.beans.user.QcBalckList">
    update qc_blacklist
    <set>
      <if test="nickName != null">
        nick_name = #{nickName,jdbcType=VARCHAR},
      </if>
      <if test="enterTime != null">
        enter_time = #{enterTime,jdbcType=TIMESTAMP},
      </if>
      <if test="updateTime != null">
        update_time = #{updateTime,jdbcType=TIMESTAMP},
      </if>
      <if test="creatTime != null">
        creat_time = #{creatTime,jdbcType=TIMESTAMP},
      </if>
      <if test="state != null">
        state = #{state,jdbcType=CHAR},
      </if>
      <if test="remark != null">
        remark = #{remark,jdbcType=VARCHAR},
      </if>
      <if test="reason != null">
        reason = #{reason,jdbcType=VARCHAR},
      </if>
      <if test="agentId != null">
        agent_id = #{agentId,jdbcType=VARCHAR},
      </if>
    </set>
    where phone_no = #{phoneNo,jdbcType=VARCHAR}
  </update>
  <update id="updateByPrimaryKey" parameterType="com.cmos.qrcode.beans.user.QcBalckList">
    update qc_blacklist
    set nick_name = #{nickName,jdbcType=VARCHAR},
      enter_time = #{enterTime,jdbcType=TIMESTAMP},
      update_time = #{updateTime,jdbcType=TIMESTAMP},
      creat_time = #{creatTime,jdbcType=TIMESTAMP},
      state = #{state,jdbcType=CHAR},
      remark = #{remark,jdbcType=VARCHAR},
      reason = #{reason,jdbcType=VARCHAR},
      agent_id = #{agentId,jdbcType=VARCHAR}
    where phone_no = #{phoneNo,jdbcType=VARCHAR}
  </update>
</mapper>