<?xml version="1.0" encoding="UTF-8"?>
<!DOCTYPE mapper PUBLIC "-//mybatis.org//DTD Mapper 3.0//EN" "http://mybatis.org/dtd/mybatis-3-mapper.dtd">
<mapper namespace="com.cmos.qrcode.dao.distribution.QcGoodsInventoryMapper">
  <resultMap id="BaseResultMap" type="com.cmos.qrcode.beans.distribution.QcGoodsInventory">
    <id column="id" jdbcType="INTEGER" property="id" />
    <result column="goods_id" jdbcType="VARCHAR" property="goodsId" />
    <result column="agent_id" jdbcType="VARCHAR" property="agentId" />
    <result column="remain_number" jdbcType="INTEGER" property="remainNumber" />
    <result column="create_time" jdbcType="TIMESTAMP" property="createTime" />
    <result column="update_time" jdbcType="TIMESTAMP" property="updateTime" />
  </resultMap>
  <sql id="Example_Where_Clause">
    <where>
      <foreach collection="oredCriteria" item="criteria" separator="or">
        <if test="criteria.valid">
          <trim prefix="(" prefixOverrides="and" suffix=")">
            <foreach collection="criteria.criteria" item="criterion">
              <choose>
                <when test="criterion.noValue">
                  and ${criterion.condition}
                </when>
                <when test="criterion.singleValue">
                  and ${criterion.condition} #{criterion.value}
                </when>
                <when test="criterion.betweenValue">
                  and ${criterion.condition} #{criterion.value} and #{criterion.secondValue}
                </when>
                <when test="criterion.listValue">
                  and ${criterion.condition}
                  <foreach close=")" collection="criterion.value" item="listItem" open="(" separator=",">
                    #{listItem}
                  </foreach>
                </when>
              </choose>
            </foreach>
          </trim>
        </if>
      </foreach>
    </where>
  </sql>
  <sql id="Update_By_Example_Where_Clause">
    <where>
      <foreach collection="example.oredCriteria" item="criteria" separator="or">
        <if test="criteria.valid">
          <trim prefix="(" prefixOverrides="and" suffix=")">
            <foreach collection="criteria.criteria" item="criterion">
              <choose>
                <when test="criterion.noValue">
                  and ${criterion.condition}
                </when>
                <when test="criterion.singleValue">
                  and ${criterion.condition} #{criterion.value}
                </when>
                <when test="criterion.betweenValue">
                  and ${criterion.condition} #{criterion.value} and #{criterion.secondValue}
                </when>
                <when test="criterion.listValue">
                  and ${criterion.condition}
                  <foreach close=")" collection="criterion.value" item="listItem" open="(" separator=",">
                    #{listItem}
                  </foreach>
                </when>
              </choose>
            </foreach>
          </trim>
        </if>
      </foreach>
    </where>
  </sql>
  <sql id="Base_Column_List">
    id, goods_id, agent_id, remain_number, create_time, update_time
  </sql>
  <select id="selectByExample" parameterType="com.cmos.qrcode.beans.distribution.QcGoodsInventoryExample" resultMap="BaseResultMap">
    select
    <if test="distinct">
      distinct
    </if>
    'true' as QUERYID,
    <include refid="Base_Column_List" />
    from qc_goods_inventory
    <if test="_parameter != null">
      <include refid="Example_Where_Clause" />
    </if>
    <if test="orderByClause != null">
      order by ${orderByClause}
    </if>
  </select>
  <select id="selectByPrimaryKey" parameterType="java.lang.Integer" resultMap="BaseResultMap">
    select 
    <include refid="Base_Column_List" />
    from qc_goods_inventory
    where id = #{id,jdbcType=INTEGER}
  </select>
  <delete id="deleteByPrimaryKey" parameterType="java.lang.Integer">
    delete from qc_goods_inventory
    where id = #{id,jdbcType=INTEGER}
  </delete>
  <delete id="deleteByExample" parameterType="com.cmos.qrcode.beans.distribution.QcGoodsInventoryExample">
    delete from qc_goods_inventory
    <if test="_parameter != null">
      <include refid="Example_Where_Clause" />
    </if>
  </delete>
  <insert id="insert" parameterType="com.cmos.qrcode.beans.distribution.QcGoodsInventory">
    insert into qc_goods_inventory (id, goods_id, agent_id, 
      remain_number, create_time, update_time
      )
    values (#{id,jdbcType=INTEGER}, #{goodsId,jdbcType=VARCHAR}, #{agentId,jdbcType=VARCHAR}, 
      #{remainNumber,jdbcType=INTEGER}, #{createTime,jdbcType=TIMESTAMP}, #{updateTime,jdbcType=TIMESTAMP}
      )
  </insert>
  <insert id="insertSelective" parameterType="com.cmos.qrcode.beans.distribution.QcGoodsInventory">
    insert into qc_goods_inventory
    <trim prefix="(" suffix=")" suffixOverrides=",">
      <if test="id != null">
        id,
      </if>
      <if test="goodsId != null">
        goods_id,
      </if>
      <if test="agentId != null">
        agent_id,
      </if>
      <if test="remainNumber != null">
        remain_number,
      </if>
      <if test="createTime != null">
        create_time,
      </if>
      <if test="updateTime != null">
        update_time,
      </if>
    </trim>
    <trim prefix="values (" suffix=")" suffixOverrides=",">
      <if test="id != null">
        #{id,jdbcType=INTEGER},
      </if>
      <if test="goodsId != null">
        #{goodsId,jdbcType=VARCHAR},
      </if>
      <if test="agentId != null">
        #{agentId,jdbcType=VARCHAR},
      </if>
      <if test="remainNumber != null">
        #{remainNumber,jdbcType=INTEGER},
      </if>
      <if test="createTime != null">
        #{createTime,jdbcType=TIMESTAMP},
      </if>
      <if test="updateTime != null">
        #{updateTime,jdbcType=TIMESTAMP},
      </if>
    </trim>
  </insert>
  <select id="countByExample" parameterType="com.cmos.qrcode.beans.distribution.QcGoodsInventoryExample" resultType="java.lang.Long">
    select count(*) from qc_goods_inventory
    <if test="_parameter != null">
      <include refid="Example_Where_Clause" />
    </if>
  </select>
  <update id="updateByExampleSelective" parameterType="map">
    update qc_goods_inventory
    <set>
      <if test="record.id != null">
        id = #{record.id,jdbcType=INTEGER},
      </if>
      <if test="record.goodsId != null">
        goods_id = #{record.goodsId,jdbcType=VARCHAR},
      </if>
      <if test="record.agentId != null">
        agent_id = #{record.agentId,jdbcType=VARCHAR},
      </if>
      <if test="record.remainNumber != null">
        remain_number = #{record.remainNumber,jdbcType=INTEGER},
      </if>
      <if test="record.createTime != null">
        create_time = #{record.createTime,jdbcType=TIMESTAMP},
      </if>
      <if test="record.updateTime != null">
        update_time = #{record.updateTime,jdbcType=TIMESTAMP},
      </if>
    </set>
    <if test="_parameter != null">
      <include refid="Update_By_Example_Where_Clause" />
    </if>
  </update>
  <update id="updateByExample" parameterType="map">
    update qc_goods_inventory
    set id = #{record.id,jdbcType=INTEGER},
      goods_id = #{record.goodsId,jdbcType=VARCHAR},
      agent_id = #{record.agentId,jdbcType=VARCHAR},
      remain_number = #{record.remainNumber,jdbcType=INTEGER},
      create_time = #{record.createTime,jdbcType=TIMESTAMP},
      update_time = #{record.updateTime,jdbcType=TIMESTAMP}
    <if test="_parameter != null">
      <include refid="Update_By_Example_Where_Clause" />
    </if>
  </update>
  <update id="updateByPrimaryKeySelective" parameterType="com.cmos.qrcode.beans.distribution.QcGoodsInventory">
    update qc_goods_inventory
    <set>
      <if test="goodsId != null">
        goods_id = #{goodsId,jdbcType=VARCHAR},
      </if>
      <if test="agentId != null">
        agent_id = #{agentId,jdbcType=VARCHAR},
      </if>
      <if test="remainNumber != null">
        remain_number = #{remainNumber,jdbcType=INTEGER},
      </if>
      <if test="createTime != null">
        create_time = #{createTime,jdbcType=TIMESTAMP},
      </if>
      <if test="updateTime != null">
        update_time = #{updateTime,jdbcType=TIMESTAMP},
      </if>
    </set>
    where id = #{id,jdbcType=INTEGER}
  </update>
  <update id="updateByPrimaryKey" parameterType="com.cmos.qrcode.beans.distribution.QcGoodsInventory">
    update qc_goods_inventory
    set goods_id = #{goodsId,jdbcType=VARCHAR},
      agent_id = #{agentId,jdbcType=VARCHAR},
      remain_number = #{remainNumber,jdbcType=INTEGER},
      create_time = #{createTime,jdbcType=TIMESTAMP},
      update_time = #{updateTime,jdbcType=TIMESTAMP}
    where id = #{id,jdbcType=INTEGER}
  </update>
</mapper>