<?xml version="1.0" encoding="UTF-8"?>
<!DOCTYPE mapper PUBLIC "-//mybatis.org//DTD Mapper 3.0//EN" "http://mybatis.org/dtd/mybatis-3-mapper.dtd">
<mapper namespace="com.cmos.qrcode.dao.distribution.QCOrderDetailMapper">
  <resultMap id="BaseResultMap" type="com.cmos.qrcode.beans.distribution.QCOrderDetail">
    <id column="id" jdbcType="VARCHAR" property="id" />
    <result column="origin" jdbcType="CHAR" property="origin" />
    <result column="sales_man_type" jdbcType="CHAR" property="salesManType" />
    <result column="create_time" jdbcType="TIMESTAMP" property="createTime" />
    <result column="order_id" jdbcType="VARCHAR" property="orderId" />
    <result column="order_number" jdbcType="VARCHAR" property="orderNumber" />
    <result column="sales_man_phone_no" jdbcType="VARCHAR" property="salesManPhoneNo" />
    <result column="phone_no" jdbcType="VARCHAR" property="phoneNo" />
    <result column="goods_name" jdbcType="VARCHAR" property="goodsName" />
    <result column="apply_balance" jdbcType="BIGINT" property="applyBalance" />
    <result column="sales_man_id" jdbcType="VARCHAR" property="salesManId" />
    <result column="sales_man_name" jdbcType="VARCHAR" property="salesManName" />
    <result column="agent_id" jdbcType="VARCHAR" property="agentId" />
    <result column="agent_name" jdbcType="VARCHAR" property="agentName" />
    <result column="goods_info" jdbcType="VARCHAR" property="goodsInfo" />
    <result column="settle_accounts_state" jdbcType="CHAR" property="settleAccountsState" />
    <result column="crmpf_pub_info_staffId" jdbcType="VARCHAR" property="crmpfPubInfoStaffid" />
    <result column="crmpf_pub_info_orgId" jdbcType="VARCHAR" property="crmpfPubInfoOrgid" />
    <result column="crmpf_pub_info_city_code" jdbcType="VARCHAR" property="crmpfPubInfoCityCode" />
    <result column="crmpf_pub_info_country_code" jdbcType="VARCHAR" property="crmpfPubInfoCountryCode" />
    <result column="remarks" jdbcType="VARCHAR" property="remarks" />
    <result column="online_reward" jdbcType="BIGINT" property="onlineReward" />
    <result column="agent_reward" jdbcType="BIGINT" property="agentReward" />
    <result column="sales_reward" jdbcType="BIGINT" property="salesReward" />
    <result column="isBalance" jdbcType="CHAR" property="isbalance" />
    <result column="isEffective" jdbcType="CHAR" property="iseffective" />
    <result column="effective_time" jdbcType="TIMESTAMP" property="effectiveTime" />
    <result column="state" jdbcType="CHAR" property="state" />
  </resultMap>
  <sql id="Example_Where_Clause">
    <where>
      <foreach collection="oredCriteria" item="criteria" separator="or">
        <if test="criteria.valid">
          <trim prefix="(" prefixOverrides="and" suffix=")">
            <foreach collection="criteria.criteria" item="criterion">
              <choose>
                <when test="criterion.noValue">
                  and ${criterion.condition}
                </when>
                <when test="criterion.singleValue">
                  and ${criterion.condition} #{criterion.value}
                </when>
                <when test="criterion.betweenValue">
                  and ${criterion.condition} #{criterion.value} and #{criterion.secondValue}
                </when>
                <when test="criterion.listValue">
                  and ${criterion.condition}
                  <foreach close=")" collection="criterion.value" item="listItem" open="(" separator=",">
                    #{listItem}
                  </foreach>
                </when>
              </choose>
            </foreach>
          </trim>
        </if>
      </foreach>
    </where>
  </sql>
  <sql id="Update_By_Example_Where_Clause">
    <where>
      <foreach collection="example.oredCriteria" item="criteria" separator="or">
        <if test="criteria.valid">
          <trim prefix="(" prefixOverrides="and" suffix=")">
            <foreach collection="criteria.criteria" item="criterion">
              <choose>
                <when test="criterion.noValue">
                  and ${criterion.condition}
                </when>
                <when test="criterion.singleValue">
                  and ${criterion.condition} #{criterion.value}
                </when>
                <when test="criterion.betweenValue">
                  and ${criterion.condition} #{criterion.value} and #{criterion.secondValue}
                </when>
                <when test="criterion.listValue">
                  and ${criterion.condition}
                  <foreach close=")" collection="criterion.value" item="listItem" open="(" separator=",">
                    #{listItem}
                  </foreach>
                </when>
              </choose>
            </foreach>
          </trim>
        </if>
      </foreach>
    </where>
  </sql>
  <sql id="Base_Column_List">
    id, origin, sales_man_type, create_time, order_id, order_number, sales_man_phone_no, 
    phone_no, goods_name, apply_balance, sales_man_id, sales_man_name, agent_id, agent_name, 
    goods_info, settle_accounts_state, crmpf_pub_info_staffId, crmpf_pub_info_orgId, 
    crmpf_pub_info_city_code, crmpf_pub_info_country_code, remarks, online_reward, agent_reward, 
    sales_reward, isBalance, isEffective, effective_time, state
  </sql>
  <select id="selectByExample" parameterType="com.cmos.qrcode.beans.distribution.QCOrderDetailExample" resultMap="BaseResultMap">
    select
    <if test="distinct">
      distinct
    </if>
    'true' as QUERYID,
    <include refid="Base_Column_List" />
    from qc_order_detail
    <if test="_parameter != null">
      <include refid="Example_Where_Clause" />
    </if>
    <if test="orderByClause != null">
      order by ${orderByClause}
    </if>
  </select>
  <select id="selectByPrimaryKey" parameterType="java.lang.String" resultMap="BaseResultMap">
    select 
    <include refid="Base_Column_List" />
    from qc_order_detail
    where id = #{id,jdbcType=VARCHAR}
  </select>
  <delete id="deleteByPrimaryKey" parameterType="java.lang.String">
    delete from qc_order_detail
    where id = #{id,jdbcType=VARCHAR}
  </delete>
  <delete id="deleteByExample" parameterType="com.cmos.qrcode.beans.distribution.QCOrderDetailExample">
    delete from qc_order_detail
    <if test="_parameter != null">
      <include refid="Example_Where_Clause" />
    </if>
  </delete>
  <insert id="insert" parameterType="com.cmos.qrcode.beans.distribution.QCOrderDetail">
    insert into qc_order_detail (id, origin, sales_man_type, 
      create_time, order_id, order_number, 
      sales_man_phone_no, phone_no, goods_name, 
      apply_balance, sales_man_id, sales_man_name, 
      agent_id, agent_name, goods_info, 
      settle_accounts_state, crmpf_pub_info_staffId, 
      crmpf_pub_info_orgId, crmpf_pub_info_city_code, 
      crmpf_pub_info_country_code, remarks, online_reward, 
      agent_reward, sales_reward, isBalance, 
      isEffective, effective_time, state
      )
    values (#{id,jdbcType=VARCHAR}, #{origin,jdbcType=CHAR}, #{salesManType,jdbcType=CHAR}, 
      #{createTime,jdbcType=TIMESTAMP}, #{orderId,jdbcType=VARCHAR}, #{orderNumber,jdbcType=VARCHAR}, 
      #{salesManPhoneNo,jdbcType=VARCHAR}, #{phoneNo,jdbcType=VARCHAR}, #{goodsName,jdbcType=VARCHAR}, 
      #{applyBalance,jdbcType=BIGINT}, #{salesManId,jdbcType=VARCHAR}, #{salesManName,jdbcType=VARCHAR}, 
      #{agentId,jdbcType=VARCHAR}, #{agentName,jdbcType=VARCHAR}, #{goodsInfo,jdbcType=VARCHAR}, 
      #{settleAccountsState,jdbcType=CHAR}, #{crmpfPubInfoStaffid,jdbcType=VARCHAR}, 
      #{crmpfPubInfoOrgid,jdbcType=VARCHAR}, #{crmpfPubInfoCityCode,jdbcType=VARCHAR}, 
      #{crmpfPubInfoCountryCode,jdbcType=VARCHAR}, #{remarks,jdbcType=VARCHAR}, #{onlineReward,jdbcType=BIGINT}, 
      #{agentReward,jdbcType=BIGINT}, #{salesReward,jdbcType=BIGINT}, #{isbalance,jdbcType=CHAR}, 
      #{iseffective,jdbcType=CHAR}, #{effectiveTime,jdbcType=TIMESTAMP}, #{state,jdbcType=CHAR}
      )
  </insert>
  <insert id="insertSelective" parameterType="com.cmos.qrcode.beans.distribution.QCOrderDetail">
    insert into qc_order_detail
    <trim prefix="(" suffix=")" suffixOverrides=",">
      <if test="id != null">
        id,
      </if>
      <if test="origin != null">
        origin,
      </if>
      <if test="salesManType != null">
        sales_man_type,
      </if>
      <if test="createTime != null">
        create_time,
      </if>
      <if test="orderId != null">
        order_id,
      </if>
      <if test="orderNumber != null">
        order_number,
      </if>
      <if test="salesManPhoneNo != null">
        sales_man_phone_no,
      </if>
      <if test="phoneNo != null">
        phone_no,
      </if>
      <if test="goodsName != null">
        goods_name,
      </if>
      <if test="applyBalance != null">
        apply_balance,
      </if>
      <if test="salesManId != null">
        sales_man_id,
      </if>
      <if test="salesManName != null">
        sales_man_name,
      </if>
      <if test="agentId != null">
        agent_id,
      </if>
      <if test="agentName != null">
        agent_name,
      </if>
      <if test="goodsInfo != null">
        goods_info,
      </if>
      <if test="settleAccountsState != null">
        settle_accounts_state,
      </if>
      <if test="crmpfPubInfoStaffid != null">
        crmpf_pub_info_staffId,
      </if>
      <if test="crmpfPubInfoOrgid != null">
        crmpf_pub_info_orgId,
      </if>
      <if test="crmpfPubInfoCityCode != null">
        crmpf_pub_info_city_code,
      </if>
      <if test="crmpfPubInfoCountryCode != null">
        crmpf_pub_info_country_code,
      </if>
      <if test="remarks != null">
        remarks,
      </if>
      <if test="onlineReward != null">
        online_reward,
      </if>
      <if test="agentReward != null">
        agent_reward,
      </if>
      <if test="salesReward != null">
        sales_reward,
      </if>
      <if test="isbalance != null">
        isBalance,
      </if>
      <if test="iseffective != null">
        isEffective,
      </if>
      <if test="effectiveTime != null">
        effective_time,
      </if>
      <if test="state != null">
        state,
      </if>
    </trim>
    <trim prefix="values (" suffix=")" suffixOverrides=",">
      <if test="id != null">
        #{id,jdbcType=VARCHAR},
      </if>
      <if test="origin != null">
        #{origin,jdbcType=CHAR},
      </if>
      <if test="salesManType != null">
        #{salesManType,jdbcType=CHAR},
      </if>
      <if test="createTime != null">
        #{createTime,jdbcType=TIMESTAMP},
      </if>
      <if test="orderId != null">
        #{orderId,jdbcType=VARCHAR},
      </if>
      <if test="orderNumber != null">
        #{orderNumber,jdbcType=VARCHAR},
      </if>
      <if test="salesManPhoneNo != null">
        #{salesManPhoneNo,jdbcType=VARCHAR},
      </if>
      <if test="phoneNo != null">
        #{phoneNo,jdbcType=VARCHAR},
      </if>
      <if test="goodsName != null">
        #{goodsName,jdbcType=VARCHAR},
      </if>
      <if test="applyBalance != null">
        #{applyBalance,jdbcType=BIGINT},
      </if>
      <if test="salesManId != null">
        #{salesManId,jdbcType=VARCHAR},
      </if>
      <if test="salesManName != null">
        #{salesManName,jdbcType=VARCHAR},
      </if>
      <if test="agentId != null">
        #{agentId,jdbcType=VARCHAR},
      </if>
      <if test="agentName != null">
        #{agentName,jdbcType=VARCHAR},
      </if>
      <if test="goodsInfo != null">
        #{goodsInfo,jdbcType=VARCHAR},
      </if>
      <if test="settleAccountsState != null">
        #{settleAccountsState,jdbcType=CHAR},
      </if>
      <if test="crmpfPubInfoStaffid != null">
        #{crmpfPubInfoStaffid,jdbcType=VARCHAR},
      </if>
      <if test="crmpfPubInfoOrgid != null">
        #{crmpfPubInfoOrgid,jdbcType=VARCHAR},
      </if>
      <if test="crmpfPubInfoCityCode != null">
        #{crmpfPubInfoCityCode,jdbcType=VARCHAR},
      </if>
      <if test="crmpfPubInfoCountryCode != null">
        #{crmpfPubInfoCountryCode,jdbcType=VARCHAR},
      </if>
      <if test="remarks != null">
        #{remarks,jdbcType=VARCHAR},
      </if>
      <if test="onlineReward != null">
        #{onlineReward,jdbcType=BIGINT},
      </if>
      <if test="agentReward != null">
        #{agentReward,jdbcType=BIGINT},
      </if>
      <if test="salesReward != null">
        #{salesReward,jdbcType=BIGINT},
      </if>
      <if test="isbalance != null">
        #{isbalance,jdbcType=CHAR},
      </if>
      <if test="iseffective != null">
        #{iseffective,jdbcType=CHAR},
      </if>
      <if test="effectiveTime != null">
        #{effectiveTime,jdbcType=TIMESTAMP},
      </if>
      <if test="state != null">
        #{state,jdbcType=CHAR},
      </if>
    </trim>
  </insert>
  <select id="countByExample" parameterType="com.cmos.qrcode.beans.distribution.QCOrderDetailExample" resultType="java.lang.Long">
    select count(*) from qc_order_detail
    <if test="_parameter != null">
      <include refid="Example_Where_Clause" />
    </if>
  </select>
  <update id="updateByExampleSelective" parameterType="map">
    update qc_order_detail
    <set>
      <if test="record.id != null">
        id = #{record.id,jdbcType=VARCHAR},
      </if>
      <if test="record.origin != null">
        origin = #{record.origin,jdbcType=CHAR},
      </if>
      <if test="record.salesManType != null">
        sales_man_type = #{record.salesManType,jdbcType=CHAR},
      </if>
      <if test="record.createTime != null">
        create_time = #{record.createTime,jdbcType=TIMESTAMP},
      </if>
      <if test="record.orderId != null">
        order_id = #{record.orderId,jdbcType=VARCHAR},
      </if>
      <if test="record.orderNumber != null">
        order_number = #{record.orderNumber,jdbcType=VARCHAR},
      </if>
      <if test="record.salesManPhoneNo != null">
        sales_man_phone_no = #{record.salesManPhoneNo,jdbcType=VARCHAR},
      </if>
      <if test="record.phoneNo != null">
        phone_no = #{record.phoneNo,jdbcType=VARCHAR},
      </if>
      <if test="record.goodsName != null">
        goods_name = #{record.goodsName,jdbcType=VARCHAR},
      </if>
      <if test="record.applyBalance != null">
        apply_balance = #{record.applyBalance,jdbcType=BIGINT},
      </if>
      <if test="record.salesManId != null">
        sales_man_id = #{record.salesManId,jdbcType=VARCHAR},
      </if>
      <if test="record.salesManName != null">
        sales_man_name = #{record.salesManName,jdbcType=VARCHAR},
      </if>
      <if test="record.agentId != null">
        agent_id = #{record.agentId,jdbcType=VARCHAR},
      </if>
      <if test="record.agentName != null">
        agent_name = #{record.agentName,jdbcType=VARCHAR},
      </if>
      <if test="record.goodsInfo != null">
        goods_info = #{record.goodsInfo,jdbcType=VARCHAR},
      </if>
      <if test="record.settleAccountsState != null">
        settle_accounts_state = #{record.settleAccountsState,jdbcType=CHAR},
      </if>
      <if test="record.crmpfPubInfoStaffid != null">
        crmpf_pub_info_staffId = #{record.crmpfPubInfoStaffid,jdbcType=VARCHAR},
      </if>
      <if test="record.crmpfPubInfoOrgid != null">
        crmpf_pub_info_orgId = #{record.crmpfPubInfoOrgid,jdbcType=VARCHAR},
      </if>
      <if test="record.crmpfPubInfoCityCode != null">
        crmpf_pub_info_city_code = #{record.crmpfPubInfoCityCode,jdbcType=VARCHAR},
      </if>
      <if test="record.crmpfPubInfoCountryCode != null">
        crmpf_pub_info_country_code = #{record.crmpfPubInfoCountryCode,jdbcType=VARCHAR},
      </if>
      <if test="record.remarks != null">
        remarks = #{record.remarks,jdbcType=VARCHAR},
      </if>
      <if test="record.onlineReward != null">
        online_reward = #{record.onlineReward,jdbcType=BIGINT},
      </if>
      <if test="record.agentReward != null">
        agent_reward = #{record.agentReward,jdbcType=BIGINT},
      </if>
      <if test="record.salesReward != null">
        sales_reward = #{record.salesReward,jdbcType=BIGINT},
      </if>
      <if test="record.isbalance != null">
        isBalance = #{record.isbalance,jdbcType=CHAR},
      </if>
      <if test="record.iseffective != null">
        isEffective = #{record.iseffective,jdbcType=CHAR},
      </if>
      <if test="record.effectiveTime != null">
        effective_time = #{record.effectiveTime,jdbcType=TIMESTAMP},
      </if>
      <if test="record.state != null">
        state = #{record.state,jdbcType=CHAR},
      </if>
    </set>
    <if test="_parameter != null">
      <include refid="Update_By_Example_Where_Clause" />
    </if>
  </update>
  <update id="updateByExample" parameterType="map">
    update qc_order_detail
    set id = #{record.id,jdbcType=VARCHAR},
      origin = #{record.origin,jdbcType=CHAR},
      sales_man_type = #{record.salesManType,jdbcType=CHAR},
      create_time = #{record.createTime,jdbcType=TIMESTAMP},
      order_id = #{record.orderId,jdbcType=VARCHAR},
      order_number = #{record.orderNumber,jdbcType=VARCHAR},
      sales_man_phone_no = #{record.salesManPhoneNo,jdbcType=VARCHAR},
      phone_no = #{record.phoneNo,jdbcType=VARCHAR},
      goods_name = #{record.goodsName,jdbcType=VARCHAR},
      apply_balance = #{record.applyBalance,jdbcType=BIGINT},
      sales_man_id = #{record.salesManId,jdbcType=VARCHAR},
      sales_man_name = #{record.salesManName,jdbcType=VARCHAR},
      agent_id = #{record.agentId,jdbcType=VARCHAR},
      agent_name = #{record.agentName,jdbcType=VARCHAR},
      goods_info = #{record.goodsInfo,jdbcType=VARCHAR},
      settle_accounts_state = #{record.settleAccountsState,jdbcType=CHAR},
      crmpf_pub_info_staffId = #{record.crmpfPubInfoStaffid,jdbcType=VARCHAR},
      crmpf_pub_info_orgId = #{record.crmpfPubInfoOrgid,jdbcType=VARCHAR},
      crmpf_pub_info_city_code = #{record.crmpfPubInfoCityCode,jdbcType=VARCHAR},
      crmpf_pub_info_country_code = #{record.crmpfPubInfoCountryCode,jdbcType=VARCHAR},
      remarks = #{record.remarks,jdbcType=VARCHAR},
      online_reward = #{record.onlineReward,jdbcType=BIGINT},
      agent_reward = #{record.agentReward,jdbcType=BIGINT},
      sales_reward = #{record.salesReward,jdbcType=BIGINT},
      isBalance = #{record.isbalance,jdbcType=CHAR},
      isEffective = #{record.iseffective,jdbcType=CHAR},
      effective_time = #{record.effectiveTime,jdbcType=TIMESTAMP},
      state = #{record.state,jdbcType=CHAR}
    <if test="_parameter != null">
      <include refid="Update_By_Example_Where_Clause" />
    </if>
  </update>
  <update id="updateByPrimaryKeySelective" parameterType="com.cmos.qrcode.beans.distribution.QCOrderDetail">
    update qc_order_detail
    <set>
      <if test="origin != null">
        origin = #{origin,jdbcType=CHAR},
      </if>
      <if test="salesManType != null">
        sales_man_type = #{salesManType,jdbcType=CHAR},
      </if>
      <if test="createTime != null">
        create_time = #{createTime,jdbcType=TIMESTAMP},
      </if>
      <if test="orderId != null">
        order_id = #{orderId,jdbcType=VARCHAR},
      </if>
      <if test="orderNumber != null">
        order_number = #{orderNumber,jdbcType=VARCHAR},
      </if>
      <if test="salesManPhoneNo != null">
        sales_man_phone_no = #{salesManPhoneNo,jdbcType=VARCHAR},
      </if>
      <if test="phoneNo != null">
        phone_no = #{phoneNo,jdbcType=VARCHAR},
      </if>
      <if test="goodsName != null">
        goods_name = #{goodsName,jdbcType=VARCHAR},
      </if>
      <if test="applyBalance != null">
        apply_balance = #{applyBalance,jdbcType=BIGINT},
      </if>
      <if test="salesManId != null">
        sales_man_id = #{salesManId,jdbcType=VARCHAR},
      </if>
      <if test="salesManName != null">
        sales_man_name = #{salesManName,jdbcType=VARCHAR},
      </if>
      <if test="agentId != null">
        agent_id = #{agentId,jdbcType=VARCHAR},
      </if>
      <if test="agentName != null">
        agent_name = #{agentName,jdbcType=VARCHAR},
      </if>
      <if test="goodsInfo != null">
        goods_info = #{goodsInfo,jdbcType=VARCHAR},
      </if>
      <if test="settleAccountsState != null">
        settle_accounts_state = #{settleAccountsState,jdbcType=CHAR},
      </if>
      <if test="crmpfPubInfoStaffid != null">
        crmpf_pub_info_staffId = #{crmpfPubInfoStaffid,jdbcType=VARCHAR},
      </if>
      <if test="crmpfPubInfoOrgid != null">
        crmpf_pub_info_orgId = #{crmpfPubInfoOrgid,jdbcType=VARCHAR},
      </if>
      <if test="crmpfPubInfoCityCode != null">
        crmpf_pub_info_city_code = #{crmpfPubInfoCityCode,jdbcType=VARCHAR},
      </if>
      <if test="crmpfPubInfoCountryCode != null">
        crmpf_pub_info_country_code = #{crmpfPubInfoCountryCode,jdbcType=VARCHAR},
      </if>
      <if test="remarks != null">
        remarks = #{remarks,jdbcType=VARCHAR},
      </if>
      <if test="onlineReward != null">
        online_reward = #{onlineReward,jdbcType=BIGINT},
      </if>
      <if test="agentReward != null">
        agent_reward = #{agentReward,jdbcType=BIGINT},
      </if>
      <if test="salesReward != null">
        sales_reward = #{salesReward,jdbcType=BIGINT},
      </if>
      <if test="isbalance != null">
        isBalance = #{isbalance,jdbcType=CHAR},
      </if>
      <if test="iseffective != null">
        isEffective = #{iseffective,jdbcType=CHAR},
      </if>
      <if test="effectiveTime != null">
        effective_time = #{effectiveTime,jdbcType=TIMESTAMP},
      </if>
      <if test="state != null">
        state = #{state,jdbcType=CHAR},
      </if>
    </set>
    where id = #{id,jdbcType=VARCHAR}
  </update>
  <update id="updateByPrimaryKey" parameterType="com.cmos.qrcode.beans.distribution.QCOrderDetail">
    update qc_order_detail
    set origin = #{origin,jdbcType=CHAR},
      sales_man_type = #{salesManType,jdbcType=CHAR},
      create_time = #{createTime,jdbcType=TIMESTAMP},
      order_id = #{orderId,jdbcType=VARCHAR},
      order_number = #{orderNumber,jdbcType=VARCHAR},
      sales_man_phone_no = #{salesManPhoneNo,jdbcType=VARCHAR},
      phone_no = #{phoneNo,jdbcType=VARCHAR},
      goods_name = #{goodsName,jdbcType=VARCHAR},
      apply_balance = #{applyBalance,jdbcType=BIGINT},
      sales_man_id = #{salesManId,jdbcType=VARCHAR},
      sales_man_name = #{salesManName,jdbcType=VARCHAR},
      agent_id = #{agentId,jdbcType=VARCHAR},
      agent_name = #{agentName,jdbcType=VARCHAR},
      goods_info = #{goodsInfo,jdbcType=VARCHAR},
      settle_accounts_state = #{settleAccountsState,jdbcType=CHAR},
      crmpf_pub_info_staffId = #{crmpfPubInfoStaffid,jdbcType=VARCHAR},
      crmpf_pub_info_orgId = #{crmpfPubInfoOrgid,jdbcType=VARCHAR},
      crmpf_pub_info_city_code = #{crmpfPubInfoCityCode,jdbcType=VARCHAR},
      crmpf_pub_info_country_code = #{crmpfPubInfoCountryCode,jdbcType=VARCHAR},
      remarks = #{remarks,jdbcType=VARCHAR},
      online_reward = #{onlineReward,jdbcType=BIGINT},
      agent_reward = #{agentReward,jdbcType=BIGINT},
      sales_reward = #{salesReward,jdbcType=BIGINT},
      isBalance = #{isbalance,jdbcType=CHAR},
      isEffective = #{iseffective,jdbcType=CHAR},
      effective_time = #{effectiveTime,jdbcType=TIMESTAMP},
      state = #{state,jdbcType=CHAR}
    where id = #{id,jdbcType=VARCHAR}
  </update>
</mapper>