<?xml version="1.0" encoding="UTF-8"?>
<!DOCTYPE mapper PUBLIC "-//mybatis.org//DTD Mapper 3.0//EN" "http://mybatis.org/dtd/mybatis-3-mapper.dtd">
<mapper namespace="com.cmos.mmp.dao.phonecard.employeeMapper">
  <resultMap id="BaseResultMap" type="com.cmos.mmp.beans.phonecard.employee">
    <id column="JOB_ID" jdbcType="VARCHAR" property="jobId" />
    <result column="WORK_NUM" jdbcType="VARCHAR" property="workNum" />
    <result column="NAME" jdbcType="VARCHAR" property="name" />
    <result column="RES_NUM" jdbcType="VARCHAR" property="resNum" />
    <result column="PHONE_NUM" jdbcType="VARCHAR" property="phoneNum" />
    <result column="STA_POSITION" jdbcType="VARCHAR" property="staPosition" />
    <result column="DEPARTMENT" jdbcType="VARCHAR" property="department" />
    <result column="PRO_NUM" jdbcType="VARCHAR" property="proNum" />
    <result column="GROUP" jdbcType="VARCHAR" property="group" />
    <result column="COMMANDO_LOG" jdbcType="VARCHAR" property="commandoLog" />
    <result column="EMP_STATE" jdbcType="VARCHAR" property="empState" />
    <result column="HOLIDAY" jdbcType="BIGINT" property="holiday" />
    <result column="CRT_TIME" jdbcType="TIMESTAMP" property="crtTime" />
    <result column="REMARK" jdbcType="VARCHAR" property="remark" />
  </resultMap>
  <sql id="Example_Where_Clause">
    <where>
      <foreach collection="oredCriteria" item="criteria" separator="or">
        <if test="criteria.valid">
          <trim prefix="(" prefixOverrides="and" suffix=")">
            <foreach collection="criteria.criteria" item="criterion">
              <choose>
                <when test="criterion.noValue">
                  and ${criterion.condition}
                </when>
                <when test="criterion.singleValue">
                  and ${criterion.condition} #{criterion.value}
                </when>
                <when test="criterion.betweenValue">
                  and ${criterion.condition} #{criterion.value} and #{criterion.secondValue}
                </when>
                <when test="criterion.listValue">
                  and ${criterion.condition}
                  <foreach close=")" collection="criterion.value" item="listItem" open="(" separator=",">
                    #{listItem}
                  </foreach>
                </when>
              </choose>
            </foreach>
          </trim>
        </if>
      </foreach>
    </where>
  </sql>
  <sql id="Update_By_Example_Where_Clause">
    <where>
      <foreach collection="example.oredCriteria" item="criteria" separator="or">
        <if test="criteria.valid">
          <trim prefix="(" prefixOverrides="and" suffix=")">
            <foreach collection="criteria.criteria" item="criterion">
              <choose>
                <when test="criterion.noValue">
                  and ${criterion.condition}
                </when>
                <when test="criterion.singleValue">
                  and ${criterion.condition} #{criterion.value}
                </when>
                <when test="criterion.betweenValue">
                  and ${criterion.condition} #{criterion.value} and #{criterion.secondValue}
                </when>
                <when test="criterion.listValue">
                  and ${criterion.condition}
                  <foreach close=")" collection="criterion.value" item="listItem" open="(" separator=",">
                    #{listItem}
                  </foreach>
                </when>
              </choose>
            </foreach>
          </trim>
        </if>
      </foreach>
    </where>
  </sql>
  <sql id="Base_Column_List">
    JOB_ID, WORK_NUM, NAME, RES_NUM, PHONE_NUM, STA_POSITION, DEPARTMENT, PRO_NUM, GROUP, 
    COMMANDO_LOG, EMP_STATE, HOLIDAY, CRT_TIME, REMARK
  </sql>
  <select id="selectByExample" parameterType="com.cmos.mmp.beans.phonecard.employeeExample" resultMap="BaseResultMap">
    select
    <if test="distinct">
      distinct
    </if>
    'true' as QUERYID,
    <include refid="Base_Column_List" />
    from employee
    <if test="_parameter != null">
      <include refid="Example_Where_Clause" />
    </if>
    <if test="orderByClause != null">
      order by ${orderByClause}
    </if>
  </select>
  <select id="selectByPrimaryKey" parameterType="java.lang.String" resultMap="BaseResultMap">
    select 
    <include refid="Base_Column_List" />
    from employee
    where JOB_ID = #{jobId,jdbcType=VARCHAR}
  </select>
  <delete id="deleteByPrimaryKey" parameterType="java.lang.String">
    delete from employee
    where JOB_ID = #{jobId,jdbcType=VARCHAR}
  </delete>
  <delete id="deleteByExample" parameterType="com.cmos.mmp.beans.phonecard.employeeExample">
    delete from employee
    <if test="_parameter != null">
      <include refid="Example_Where_Clause" />
    </if>
  </delete>
  <insert id="insert" parameterType="com.cmos.mmp.beans.phonecard.employee">
    insert into employee (JOB_ID, WORK_NUM, NAME, 
      RES_NUM, PHONE_NUM, STA_POSITION, 
      DEPARTMENT, PRO_NUM, GROUP, 
      COMMANDO_LOG, EMP_STATE, HOLIDAY, 
      CRT_TIME, REMARK)
    values (#{jobId,jdbcType=VARCHAR}, #{workNum,jdbcType=VARCHAR}, #{name,jdbcType=VARCHAR}, 
      #{resNum,jdbcType=VARCHAR}, #{phoneNum,jdbcType=VARCHAR}, #{staPosition,jdbcType=VARCHAR}, 
      #{department,jdbcType=VARCHAR}, #{proNum,jdbcType=VARCHAR}, #{group,jdbcType=VARCHAR}, 
      #{commandoLog,jdbcType=VARCHAR}, #{empState,jdbcType=VARCHAR}, #{holiday,jdbcType=BIGINT}, 
      #{crtTime,jdbcType=TIMESTAMP}, #{remark,jdbcType=VARCHAR})
  </insert>
  <insert id="insertSelective" parameterType="com.cmos.mmp.beans.phonecard.employee">
    insert into employee
    <trim prefix="(" suffix=")" suffixOverrides=",">
      <if test="jobId != null">
        JOB_ID,
      </if>
      <if test="workNum != null">
        WORK_NUM,
      </if>
      <if test="name != null">
        NAME,
      </if>
      <if test="resNum != null">
        RES_NUM,
      </if>
      <if test="phoneNum != null">
        PHONE_NUM,
      </if>
      <if test="staPosition != null">
        STA_POSITION,
      </if>
      <if test="department != null">
        DEPARTMENT,
      </if>
      <if test="proNum != null">
        PRO_NUM,
      </if>
      <if test="group != null">
        GROUP,
      </if>
      <if test="commandoLog != null">
        COMMANDO_LOG,
      </if>
      <if test="empState != null">
        EMP_STATE,
      </if>
      <if test="holiday != null">
        HOLIDAY,
      </if>
      <if test="crtTime != null">
        CRT_TIME,
      </if>
      <if test="remark != null">
        REMARK,
      </if>
    </trim>
    <trim prefix="values (" suffix=")" suffixOverrides=",">
      <if test="jobId != null">
        #{jobId,jdbcType=VARCHAR},
      </if>
      <if test="workNum != null">
        #{workNum,jdbcType=VARCHAR},
      </if>
      <if test="name != null">
        #{name,jdbcType=VARCHAR},
      </if>
      <if test="resNum != null">
        #{resNum,jdbcType=VARCHAR},
      </if>
      <if test="phoneNum != null">
        #{phoneNum,jdbcType=VARCHAR},
      </if>
      <if test="staPosition != null">
        #{staPosition,jdbcType=VARCHAR},
      </if>
      <if test="department != null">
        #{department,jdbcType=VARCHAR},
      </if>
      <if test="proNum != null">
        #{proNum,jdbcType=VARCHAR},
      </if>
      <if test="group != null">
        #{group,jdbcType=VARCHAR},
      </if>
      <if test="commandoLog != null">
        #{commandoLog,jdbcType=VARCHAR},
      </if>
      <if test="empState != null">
        #{empState,jdbcType=VARCHAR},
      </if>
      <if test="holiday != null">
        #{holiday,jdbcType=BIGINT},
      </if>
      <if test="crtTime != null">
        #{crtTime,jdbcType=TIMESTAMP},
      </if>
      <if test="remark != null">
        #{remark,jdbcType=VARCHAR},
      </if>
    </trim>
  </insert>
  <select id="countByExample" parameterType="com.cmos.mmp.beans.phonecard.employeeExample" resultType="java.lang.Long">
    select count(*) from employee
    <if test="_parameter != null">
      <include refid="Example_Where_Clause" />
    </if>
  </select>
  <update id="updateByExampleSelective" parameterType="map">
    update employee
    <set>
      <if test="record.jobId != null">
        JOB_ID = #{record.jobId,jdbcType=VARCHAR},
      </if>
      <if test="record.workNum != null">
        WORK_NUM = #{record.workNum,jdbcType=VARCHAR},
      </if>
      <if test="record.name != null">
        NAME = #{record.name,jdbcType=VARCHAR},
      </if>
      <if test="record.resNum != null">
        RES_NUM = #{record.resNum,jdbcType=VARCHAR},
      </if>
      <if test="record.phoneNum != null">
        PHONE_NUM = #{record.phoneNum,jdbcType=VARCHAR},
      </if>
      <if test="record.staPosition != null">
        STA_POSITION = #{record.staPosition,jdbcType=VARCHAR},
      </if>
      <if test="record.department != null">
        DEPARTMENT = #{record.department,jdbcType=VARCHAR},
      </if>
      <if test="record.proNum != null">
        PRO_NUM = #{record.proNum,jdbcType=VARCHAR},
      </if>
      <if test="record.group != null">
        GROUP = #{record.group,jdbcType=VARCHAR},
      </if>
      <if test="record.commandoLog != null">
        COMMANDO_LOG = #{record.commandoLog,jdbcType=VARCHAR},
      </if>
      <if test="record.empState != null">
        EMP_STATE = #{record.empState,jdbcType=VARCHAR},
      </if>
      <if test="record.holiday != null">
        HOLIDAY = #{record.holiday,jdbcType=BIGINT},
      </if>
      <if test="record.crtTime != null">
        CRT_TIME = #{record.crtTime,jdbcType=TIMESTAMP},
      </if>
      <if test="record.remark != null">
        REMARK = #{record.remark,jdbcType=VARCHAR},
      </if>
    </set>
    <if test="_parameter != null">
      <include refid="Update_By_Example_Where_Clause" />
    </if>
  </update>
  <update id="updateByExample" parameterType="map">
    update employee
    set JOB_ID = #{record.jobId,jdbcType=VARCHAR},
      WORK_NUM = #{record.workNum,jdbcType=VARCHAR},
      NAME = #{record.name,jdbcType=VARCHAR},
      RES_NUM = #{record.resNum,jdbcType=VARCHAR},
      PHONE_NUM = #{record.phoneNum,jdbcType=VARCHAR},
      STA_POSITION = #{record.staPosition,jdbcType=VARCHAR},
      DEPARTMENT = #{record.department,jdbcType=VARCHAR},
      PRO_NUM = #{record.proNum,jdbcType=VARCHAR},
      GROUP = #{record.group,jdbcType=VARCHAR},
      COMMANDO_LOG = #{record.commandoLog,jdbcType=VARCHAR},
      EMP_STATE = #{record.empState,jdbcType=VARCHAR},
      HOLIDAY = #{record.holiday,jdbcType=BIGINT},
      CRT_TIME = #{record.crtTime,jdbcType=TIMESTAMP},
      REMARK = #{record.remark,jdbcType=VARCHAR}
    <if test="_parameter != null">
      <include refid="Update_By_Example_Where_Clause" />
    </if>
  </update>
  <update id="updateByPrimaryKeySelective" parameterType="com.cmos.mmp.beans.phonecard.employee">
    update employee
    <set>
      <if test="workNum != null">
        WORK_NUM = #{workNum,jdbcType=VARCHAR},
      </if>
      <if test="name != null">
        NAME = #{name,jdbcType=VARCHAR},
      </if>
      <if test="resNum != null">
        RES_NUM = #{resNum,jdbcType=VARCHAR},
      </if>
      <if test="phoneNum != null">
        PHONE_NUM = #{phoneNum,jdbcType=VARCHAR},
      </if>
      <if test="staPosition != null">
        STA_POSITION = #{staPosition,jdbcType=VARCHAR},
      </if>
      <if test="department != null">
        DEPARTMENT = #{department,jdbcType=VARCHAR},
      </if>
      <if test="proNum != null">
        PRO_NUM = #{proNum,jdbcType=VARCHAR},
      </if>
      <if test="group != null">
        GROUP = #{group,jdbcType=VARCHAR},
      </if>
      <if test="commandoLog != null">
        COMMANDO_LOG = #{commandoLog,jdbcType=VARCHAR},
      </if>
      <if test="empState != null">
        EMP_STATE = #{empState,jdbcType=VARCHAR},
      </if>
      <if test="holiday != null">
        HOLIDAY = #{holiday,jdbcType=BIGINT},
      </if>
      <if test="crtTime != null">
        CRT_TIME = #{crtTime,jdbcType=TIMESTAMP},
      </if>
      <if test="remark != null">
        REMARK = #{remark,jdbcType=VARCHAR},
      </if>
    </set>
    where JOB_ID = #{jobId,jdbcType=VARCHAR}
  </update>
  <update id="updateByPrimaryKey" parameterType="com.cmos.mmp.beans.phonecard.employee">
    update employee
    set WORK_NUM = #{workNum,jdbcType=VARCHAR},
      NAME = #{name,jdbcType=VARCHAR},
      RES_NUM = #{resNum,jdbcType=VARCHAR},
      PHONE_NUM = #{phoneNum,jdbcType=VARCHAR},
      STA_POSITION = #{staPosition,jdbcType=VARCHAR},
      DEPARTMENT = #{department,jdbcType=VARCHAR},
      PRO_NUM = #{proNum,jdbcType=VARCHAR},
      GROUP = #{group,jdbcType=VARCHAR},
      COMMANDO_LOG = #{commandoLog,jdbcType=VARCHAR},
      EMP_STATE = #{empState,jdbcType=VARCHAR},
      HOLIDAY = #{holiday,jdbcType=BIGINT},
      CRT_TIME = #{crtTime,jdbcType=TIMESTAMP},
      REMARK = #{remark,jdbcType=VARCHAR}
    where JOB_ID = #{jobId,jdbcType=VARCHAR}
  </update>
</mapper>