<?xml version="1.0" encoding="UTF-8"?>
<!DOCTYPE generatorConfiguration
        PUBLIC "-//mybatis.org//DTD MyBatis Generator Configuration 1.0//EN"
        "http://mybatis.org/dtd/mybatis-generator-config_1_0.dtd">

<generatorConfiguration>
    <classPathEntry location="mysql-connector-java-5.1.42-bin.jar"/>
    <context id="my" targetRuntime="MyBatis3">
        <commentGenerator>
            <property name="suppressDate" value="false"/>
            <property name="suppressAllComments" value="true"/>
        </commentGenerator>

        <jdbcConnection driverClass="com.mysql.jdbc.Driver"
                        connectionURL="jdbc:mysql://10.1.130.108:3306/qr_code?useSSL=true" userId="root"
                        password="2220222202"/>

        <javaModelGenerator targetPackage="com.cmos.qrcode.beans.distribution"
                            targetProject="src">
            <property name="enableSubPackages" value="true"/>
            <property name="trimStrings" value="true"/>
        </javaModelGenerator>

        <sqlMapGenerator targetPackage="com.cmos.qrcode.dao.distribution"
                         targetProject="src">
            <property name="enableSubPackages" value="true"/>
        </sqlMapGenerator>

        <javaClientGenerator targetPackage="com.cmos.qrcode.dao.distribution"
                             targetProject="src" type="XMLMAPPER">
            <property name="enableSubPackages" value="true"/>
        </javaClientGenerator>

        
		<table tableName="qc_goods_inventory" domainObjectName="QcGoodsInventory" enableCountByExample="true" enableUpdateByExample="true" enableDeleteByExample="true" enableSelectByExample="true" selectByExampleQueryId="true"></table>
		
		
	</context>
</generatorConfiguration>
