<?xml version="1.0" encoding="UTF-8"?>
<!DOCTYPE generatorConfiguration
        PUBLIC "-//mybatis.org//DTD MyBatis Generator Configuration 1.0//EN"
        "http://mybatis.org/dtd/mybatis-generator-config_1_0.dtd">

<generatorConfiguration>
    <classPathEntry location="mysql-connector-java-5.1.42-bin.jar"/>
    <context id="my" targetRuntime="MyBatis3">
        <commentGenerator>
            <property name="suppressDate" value="false"/>
            <property name="suppressAllComments" value="true"/>
        </commentGenerator>

        <jdbcConnection driverClass="com.mysql.jdbc.Driver"
                        connectionURL="jdbc:mysql://192.168.100.70:23306/hnwx_dev?useSSL=true" userId="hnwx_dev"
                        password="g+7oT8,mdW"/>

        <javaModelGenerator targetPackage="com.cmos.mmp.beans.phonecard"
                            targetProject="src">
            <property name="enableSubPackages" value="true"/>
            <property name="trimStrings" value="true"/>
        </javaModelGenerator>

        <sqlMapGenerator targetPackage="com.cmos.mmp.beans.phonecard"
                         targetProject="src">
            <property name="enableSubPackages" value="true"/>
        </sqlMapGenerator>

        <javaClientGenerator targetPackage="com.cmos.mmp.dao.phonecard"
                             targetProject="src" type="XMLMAPPER">
            <property name="enableSubPackages" value="true"/>
        </javaClientGenerator>

        <!--<table tableName="T_FEE_AGTBILL" domainObjectName="FeeAgentBill"
               enableCountByExample="false" enableUpdateByExample="false"
               enableDeleteByExample="false" enableSelectByExample="false"
               selectByExampleQueryId="false"/>-->

		
	
		<table tableName="employee" domainObjectName="employee" enableCountByExample="true" enableUpdateByExample="true" enableDeleteByExample="true" enableSelectByExample="true" selectByExampleQueryId="true"></table>

    </context>
</generatorConfiguration>